<?xml version="1.0" encoding="utf-8"?>
<labels xmlns="http://mulan.sourceforge.net/labels">
<label name="L_1"></label>
<label name="L_2"></label>
<label name="L_3"></label>
<label name="L_4"></label>
<label name="L_5"></label>
<label name="L_6"></label>
<label name="L_7"></label>
<label name="L_8"></label>
<label name="L_9"></label>
<label name="L_10"></label>
<label name="L_11"></label>
<label name="L_12"></label>
<label name="L_13"></label>
<label name="L_14"></label>
<label name="L_15"></label>
<label name="L_16"></label>
<label name="L_17"></label>
<label name="L_18"></label>
<label name="L_19"></label>
<label name="L_20"></label>
<label name="L_21"></label>
</labels>
