<?xml version="1.0" encoding="utf-8"?>
<labels xmlns="http://mulan.sourceforge.net/labels">
<label name="Errors"></label>
<label name="Humor"></label>
<label name="Speech_acts"></label>
<label name="Prescriptivist_Poppycock"></label>
<label name="Phonetics_and_phonology"></label>
<label name="Punctuation"></label>
<label name="Administration"></label>
<label name="Language_and_culture"></label>
<label name="This_blogging_life"></label>
<label name="Ignorance_of_Linguistics"></label>
<label name="HLT"></label>
<label name="Announcements"></label>
<label name="Syntax"></label>
<label name="coordination"></label>
<label name="Language_and_the_media"></label>
<label name="Uncategorized"></label>
<label name="Animal_communication"></label>
<label name="Linguification"></label>
<label name="Language_and_advertising"></label>
<label name="Quizzes"></label>
<label name="Snowclones"></label>
<label name="Fieldwork"></label>
<label name="negation"></label>
<label name="Variation"></label>
<label name="Language_and_sports"></label>
<label name="prepositions"></label>
<label name="Obituaries"></label>
<label name="Language_planning"></label>
<label name="who_whom"></label>
<label name="WTF"></label>
<label name="Discrimination"></label>
<label name="Language_teaching_and_learning"></label>
<label name="Linguistics_in_the_comics"></label>
<label name="Ethics"></label>
<label name="Language_in_the_movies"></label>
<label name="The_academic_scene"></label>
<label name="Pragmatics"></label>
<label name="Semantics"></label>
<label name="Linguistic_history"></label>
<label name="Awesomeness"></label>
<label name="Usage_advice"></label>
<label name="ambiguity"></label>
<label name="Idioms"></label>
<label name="Language_play"></label>
<label name="Words_words_words"></label>
<label name="agreement"></label>
<label name="The_language_of_science"></label>
<label name="Language_and_technology"></label>
<label name="Gift_ideas"></label>
<label name="Taboo_vocabulary"></label>
<label name="relative_clauses"></label>
<label name="Language_and_the_law"></label>
<label name="Lost_in_Translation"></label>
<label name="Writing"></label>
<label name="Linguistics_in_the_news"></label>
<label name="Eggcorns"></label>
<label name="Endangered_languages"></label>
<label name="Language_on_the_internets"></label>
<label name="Links"></label>
<label name="Peeving"></label>
<label name="Orthography"></label>
<label name="Resources"></label>
<label name="Names"></label>
<label name="Changing_Times"></label>
<label name="Language_and_politics"></label>
<label name="Psychology_of_language"></label>
<label name="Books"></label>
<label name="Research_tools"></label>
<label name="Writing_Systems"></label>
<label name="Language_change"></label>
<label name="Style_and_register"></label>
<label name="Morphology"></label>
<label name="passives"></label>
<label name="singular__they"></label>
<label name="Computational_Linguistics"></label>
</labels>