<?xml version="1.0" encoding="UTF-8" standalone="yes"?><labels xmlns="http://mulan.sourceforge.net/labels"><label name="tag_endgame"/><label name="tag_strategy"/><label name="tag_rating"/><label name="tag_software"/><label name="tag_rules"/><label name="tag_statistics"/><label name="tag_chess-variants"/><label name="tag_analysis"/><label name="tag_engines"/><label name="tag_theory"/><label name="tag_opening"/><label name="tag_learning"/><label name="tag_tactics"/><label name="tag_history"/><label name="tag_tournament"/></labels>