<?xml version="1.0" encoding="utf-8"?>
<labels xmlns="http://mulan.sourceforge.net/labels">
<label name="class01"></label>
<label name="class02"></label>
<label name="class03"></label>
<label name="class04"></label>
<label name="class05"></label>
<label name="class06"></label>
<label name="class07"></label>
<label name="class08"></label>
<label name="class09"></label>
<label name="class10"></label>
<label name="class11"></label>
<label name="class12"></label>
<label name="class13"></label>
<label name="class14"></label>
<label name="class15"></label>
<label name="class16"></label>
<label name="class17"></label>
<label name="class18"></label>
<label name="class19"></label>
<label name="class20"></label>
<label name="class21"></label>
<label name="class22"></label>
</labels>