<?xml version="1.0" encoding="utf-8"?>
<labels xmlns="http://mulan.sourceforge.net/labels">
<label name="25400"></label>
<label name="29600"></label>
<label name="30400"></label>
<label name="33400"></label>
<label name="17300"></label>
<label name="19400"></label>
<label name="34500"></label>
<label name="38100"></label>
<label name="49700"></label>
<label name="50390"></label>
<label name="55800"></label>
<label name="57500"></label>
<label name="59300"></label>
<label name="37880"></label>
</labels>