<?xml version="1.0" encoding="utf-8"?>
<labels xmlns="http://mulan.sourceforge.net/labels">
<label name="Class1"></label>
<label name="Class2"></label>
<label name="Class3"></label>
<label name="Class6"></label>
<label name="Class4"></label>
<label name="Class10"></label>
<label name="Class11"></label>
<label name="Class5"></label>
<label name="Class7"></label>
<label name="Class8"></label>
<label name="Class9"></label>
<label name="Class12"></label>
<label name="Class13"></label>
<label name="Class14"></label>
</labels>